,Unnamed: 0,end_sid,character_name,summary
0,0,1569.539365,Pierre,"Pierre is portrayed as a young man who is somewhat naive and indecisive about his future. He is described as having a good-natured expression and is easily influenced by his surroundings, leading him to engage in activities that he later regrets. Despite his shortcomings, he is shown to have a kind heart and a desire to find a meaningful direction in life."
1,,3074.07873,Pierre,"Pierre, initially portrayed as a naive and indecisive young man, struggles with finding a meaningful direction in life. He is easily influenced by his surroundings, which sometimes leads him to regrettable actions. Despite these shortcomings, he has a kind heart. As he inherits a vast fortune and becomes Count Bezúkhov, Pierre faces new challenges, including societal expectations and temptations due to his newfound wealth. His good-natured disposition remains constant, although his social status changes dramatically."
2,,7732.696824,Pierre,"Pierre is depicted as a naive and indecisive young man who struggles with finding a meaningful direction in life. Initially influenced easily by his surroundings, he often finds himself regretting his actions. Despite these challenges, Pierre is inherently kind-hearted. Upon inheriting a vast fortune and becoming Count Bezúkhov, he faces new societal expectations and temptations, yet his good nature remains unchanged. In a military setting, Pierre grapples with his emotions and the heavy burden of his responsibilities, striving to uphold a sense of duty despite feeling overwhelmed by sadness."
3,,10614.77555,Pierre,"Pierre is portrayed as a naive, indecisive, and kind-hearted young man who struggles with finding direction in life and dealing with societal expectations after inheriting a vast fortune and becoming Count Bezúkhov. Despite his wealth and social position, he remains deeply unhappy and conflicted, grappling with personal dilemmas, external pressures, and a troubled marriage, which highlight his vulnerability and inner turmoil."
4,,12028.31492,Pierre,"Pierre is depicted as a wealthy yet naive and indecisive young man who inherits the title of Count Bezúkhov. He faces challenges in finding his purpose and dealing with societal expectations. Despite his kind-hearted nature and involvement in philanthropic efforts through the Masonic Brotherhood, he struggles with personal dilemmas, a troubled marriage, and a sense of disillusionment. His journey involves attempts at self-improvement and liberating his serfs, although he is often hindered by his lack of practical business skills and susceptibility to external influences."
5,,16258.93301,Pierre,"Pierre, a wealthy yet naive and indecisive young man, inherits the title of Count Bezúkhov. He grapples with finding his purpose and societal expectations. Despite his kind-hearted nature and philanthropic efforts through the Masonic Brotherhood, Pierre struggles with personal dilemmas, a troubled marriage, and a sense of disillusionment. His journey involves attempts at self-improvement and liberating his serfs, though he is often hindered by his lack of practical business skills and susceptibility to external influences. Pierre resonates with deep understanding and empathy, displaying a possibly melancholic disposition and a capacity for profound emotional connections, particularly evident in his supportive interactions with his friend."
6,,17686.47238,Pierre,"Pierre, a wealthy yet naive and indecisive young man, inherits the title of Count Bezúkhov and grapples with societal expectations and finding his purpose. Despite his kind-hearted nature and philanthropic efforts, he struggles with personal dilemmas, a troubled marriage, and a sense of disillusionment. Pierre is depicted as disillusioned with high society, feeling empty and dissatisfied despite his wealth. He is generous and empathetic, particularly in his interactions with friends, but struggles with direction and purpose in life. His tendency to indulge in drinking is portrayed as a means to escape his inner turmoil and the superficiality of society."
7,,21735.09047,Pierre,"Pierre, a wealthy yet naive and indecisive young man, inherits the title of Count Bezúkhov and grapples with societal expectations and finding his purpose. Despite his kind-hearted nature and philanthropic efforts, he struggles with personal dilemmas, a troubled marriage, and a sense of disillusionment. He is disillusioned with high society, feeling empty and dissatisfied despite his wealth. He is generous and empathetic, particularly in his interactions with friends, but struggles with direction and purpose in life. His tendency to indulge in drinking is portrayed as a means to escape his inner turmoil and the superficiality of society. Additionally, as a regiment commander deeply affected by the ongoing war and personal losses, including the abandonment of SmolÃ©nsk and his family's forced departure from Bald Hills, Pierre is depicted as devoted to his regiment, showing kindness and consideration to his men, but harboring resentment and irony towards former acquaintances and the broader circumstances. His past haunts him, making him averse to anything that reminds him of it."
8,,27391.24793,Pierre,"Pierre, a wealthy yet naive and indecisive young man, inherits the title of Count Bezúkhov and grapples with societal expectations and finding his purpose. Despite his kind-hearted nature and philanthropic efforts, he struggles with personal dilemmas, a troubled marriage, and a sense of disillusionment. He is disillusioned with high society, feeling empty and dissatisfied despite his wealth. He is generous and empathetic, particularly in his interactions with friends, but struggles with direction and purpose in life. His tendency to indulge in drinking is portrayed as a means to escape his inner turmoil and the superficiality of society. Additionally, as a regiment commander deeply affected by the ongoing war and personal losses, including the abandonment of SmolÃ©nsk and his family's forced departure from Bald Hills, Pierre is depicted as devoted to his regiment, showing kindness and consideration to his men, but harboring resentment and irony towards former acquaintances and the broader circumstances. His past haunts him, making him averse to anything that reminds him of it. Pierre appears to be a troubled and introspective character, grappling with personal dilemmas and showing signs of emotional distress. He is depicted as somewhat disconnected from his surroundings, not fully engaging with others or the events around him. His thoughtful and sullen demeanor suggests a deep internal conflict or sadness."
9,,28774.7873,Pierre,"Pierre, a wealthy yet naive and indecisive young man, inherits the title of Count Bezúkhov and grapples with societal expectations and finding his purpose. Despite his kind-hearted nature and philanthropic efforts, he struggles with personal dilemmas, a troubled marriage, and a sense of disillusionment. He is disillusioned with high society, feeling empty and dissatisfied despite his wealth. He is generous and empathetic, particularly in his interactions with friends, but struggles with direction and purpose in life. His tendency to indulge in drinking is portrayed as a means to escape his inner turmoil and the superficiality of society. Additionally, as a regiment commander deeply affected by the ongoing war and personal losses, including the abandonment of SmolÃ©nsk and his family's forced departure from Bald Hills, Pierre is depicted as devoted to his regiment, showing kindness and consideration to his men, but harboring resentment and irony towards former acquaintances and the broader circumstances. His past haunts him, making him averse to anything that reminds him of it. Pierre appears to be a troubled and introspective character, grappling with personal dilemmas and showing signs of emotional distress. He is depicted as somewhat disconnected from his surroundings, not fully engaging with others or the events around him. His thoughtful and sullen demeanor suggests a deep internal conflict or sadness. Pierre is depicted as a man of strong emotions and impulsive actions. He is deeply affected by the events surrounding him, particularly the burning of Moscow, and is driven by a sense of duty and patriotism. Despite his noble intentions, he often finds himself in over his head, struggling to make a meaningful impact amidst the chaos of war."
10,,30125.32666,Pierre,"Pierre, a wealthy yet naive and indecisive young man, inherits the title of Count Bezúkhov and grapples with societal expectations and finding his purpose. Despite his kind-hearted nature and philanthropic efforts, he struggles with personal dilemmas, a troubled marriage, and a sense of disillusionment. He is disillusioned with high society, feeling empty and dissatisfied despite his wealth. He is generous and empathetic, particularly in his interactions with friends, but struggles with direction and purpose in life. His tendency to indulge in drinking is portrayed as a means to escape his inner turmoil and the superficiality of society. Additionally, as a regiment commander deeply affected by the ongoing war and personal losses, including the abandonment of SmolÃ©nsk and his family's forced departure from Bald Hills, Pierre is depicted as devoted to his regiment, showing kindness and consideration to his men, but harboring resentment and irony towards former acquaintances and the broader circumstances. His past haunts him, making him averse to anything that reminds him of it. Pierre appears to be a troubled and introspective character, grappling with personal dilemmas and showing signs of emotional distress. He is depicted as somewhat disconnected from his surroundings, not fully engaging with others or the events around him. His thoughtful and sullen demeanor suggests a deep internal conflict or sadness. Pierre is depicted as a man of strong emotions and impulsive actions. He is deeply affected by the events surrounding him, particularly the burning of Moscow, and is driven by a sense of duty and patriotism. Despite his noble intentions, he often finds himself in over his head, struggling to make a meaningful impact amidst the chaos of war. Pierre is experiencing a profound internal transformation, grappling with existential questions about life, love, and death. He is depicted as being on the brink of death, yet simultaneously undergoing a spiritual awakening that brings him a new understanding of love as a universal force. His interactions are marked by a sense of detachment from earthly matters, suggesting a deep introspection and a shift in his perception of reality."
11,,31288.86603,Pierre,"Pierre, a wealthy yet naive and introspective young man, inherits the title of Count Bezúkhov and faces numerous personal and societal challenges. He is kind-hearted and empathetic, often engaging in philanthropic efforts, but struggles with a sense of purpose and direction in life. His troubled marriage and disillusionment with high society contribute to his inner turmoil, which he sometimes escapes through drinking. As a regiment commander during the war, Pierre is devoted and considerate towards his men but harbors resentment towards his former acquaintances and the broader circumstances. He is deeply affected by the events of the war, particularly the burning of Moscow, and is driven by a sense of duty and patriotism. Despite his noble intentions, Pierre often finds himself overwhelmed, grappling with existential questions and undergoing a spiritual awakening that shifts his perception of reality. His youthful eagerness and naivety are evident in his military involvement, where he seeks approval and desires to prove himself. Overall, Pierre is a complex character experiencing profound internal transformation amidst external chaos."
12,,32680.40539,Pierre,"Pierre, a wealthy and introspective young man, inherits the title of Count Bezúkhov and grapples with personal and societal challenges. He is kind-hearted and empathetic, often engaging in philanthropic efforts, but struggles with a sense of purpose and direction in life. His troubled marriage and disillusionment with high society contribute to his inner turmoil, which he sometimes escapes through drinking. As a regiment commander during the war, Pierre is devoted and considerate towards his men but harbors resentment towards his former acquaintances and the broader circumstances. He is deeply affected by the events of the war, particularly the burning of Moscow, and is driven by a sense of duty and patriotism. Despite his noble intentions, Pierre often finds himself overwhelmed, grappling with existential questions and undergoing a spiritual awakening that shifts his perception of reality. His youthful eagerness and naivety are evident in his military involvement, where he seeks approval and desires to prove himself. Pierre's interactions with prisoners and observations of their conditions reflect his profound sense of humanity and a critical view of the war, showcasing his compassionate nature amidst external chaos."
13,,34070.94476,Pierre,"Pierre, a wealthy young man who inherits the title of Count Bezúkhov, is a kind-hearted and empathetic character who faces significant personal and societal challenges. Initially naive and aimless, Pierre struggles with a troubled marriage, disillusionment with high society, and a lack of direction in life. His experiences as a regiment commander during the war and his observations of the burning of Moscow lead him to grapple with existential questions and undergo a spiritual awakening. Despite his noble intentions, Pierre often feels overwhelmed but emerges as a more introspective and enlightened individual, striving to lead a life of virtue and purpose. His journey reflects profound personal growth, marked by a deepening sense of humanity and a critical view of the war."
14,1,1569.539365,Natásha,"Natásha is depicted as a lively and impulsive young girl, full of energy and emotion. She is at an age where she is transitioning from a child to a young woman, which is reflected in her playful and sometimes coquettish behavior. Her interactions reveal a deep capacity for affection and a desire for romantic experiences."
15,,3074.07873,Natásha,"Natásha is portrayed as a lively and affectionate young woman who values her connections with family and friends deeply. Her interactions are characterized by warmth, and she displays genuine emotions, particularly during reunions with loved ones."
16,,7732.696824,Natásha,"Natásha is portrayed as a compassionate and caring individual with strong family ties and emotional sensitivity. She is deeply affected by her brother's injury, demonstrating her capacity for profound empathy and the value she places on close relationships."
17,,9077.236189,Natásha,"Natásha is characterized by her deep emotional connections and relationships with others, suggesting a strong familial bond and a capacity for intense feelings. Her interactions indicate a person who values close relationships and possibly experiences life through a rich emotional lens."
18,,10614.77555,Natásha,"Natásha is depicted as a vibrant and passionate young woman, characterized by her youthful charm and spontaneous love for life. She is affectionate and capable of deep feelings, making her a central figure in her social circle. Her eagerness for life's experiences and her ability to connect deeply with others highlight her dynamic personality."
19,,16258.93301,Natásha,"Natásha is portrayed as a lively and emotional individual who deeply values her feelings of love and happiness. She is expressive and relies on Pierre for emotional validation and support, highlighting a close and dependent relationship with him. Her vibrant personality makes her a central figure in her interactions, particularly with Pierre."
20,,17686.47238,Natásha,"Natásha is depicted as a lively and attractive young woman who is deeply passionate and emotional. She is engaged to Prince Andrew and looks forward to his return, indicating her romantic and committed nature. However, she also faces challenges with her engagement and societal expectations, which sometimes lead to feelings of sadness and frustration. Natásha is highly sensitive to the opinions and actions of those around her, which significantly influence her emotions and how she views herself."
21,,27391.24793,Natásha,"Natásha is depicted as a vibrant and emotionally expressive young woman who is deeply connected to her family and cares profoundly for her loved ones. She experiences a wide range of emotions, from joy to sadness, and is known for her impulsive behavior. Her character is marked by a strong emotional responsiveness to the events and people around her."
22,,28774.7873,Natásha,"Natásha is depicted as a young woman who experiences significant emotional turmoil, particularly influenced by the war and the injury of Prince Andrew. She demonstrates resilience and a profound capacity for love and compassion, dedicating herself to caring for Prince Andrew during his recovery. Her character is marked by her ability to endure hardship and maintain a deep emotional connection, even in challenging circumstances."
23,,30125.32666,Natásha,"Natásha is portrayed as a compassionate and empathetic character who is deeply connected to Pierre. She is actively involved in his life, particularly during his times of distress, showing a strong bond and genuine concern for his well-being. Her responsiveness to Pierre's emotional and physical states highlights her caring nature and her ability to empathize with others' suffering."
24,,32680.40539,Natásha,"Natásha is depicted as a character experiencing significant emotional turmoil and transformation. Initially overwhelmed by grief and isolation, she eventually finds a renewed sense of purpose and connection, particularly through her evolving relationship with Princess Mary. This journey reflects her ability to adapt and find resilience in the face of personal challenges."
25,,34070.94476,Natásha,"Natásha is portrayed as a vibrant and passionate young woman who is full of life and energy. Initially impulsive and romantic, she dreams of love and adventure. Throughout the story, she undergoes significant emotional growth, influenced by various trials and relationships. Her character arc includes moments of joy, heartbreak, and resilience, highlighting her deep capacity for love and her dynamic personality, making her a central and endearing figure in the narrative."
26,2,1569.539365,Rostóv,"Rostóv, or Nicholas, is characterized by his enthusiasm and youthful impetuosity. He is passionate about joining the army, driven by a sense of honor and a desire to fulfill what he sees as his vocation. His interactions with his family and friends show a blend of affection and a spirited nature."
27,,3074.07873,Rostóv,"Rostóv is part of a loving and closely-knit family, suggesting he grows up in a supportive and caring environment. While specific details about his personal traits are not extensively highlighted, the family dynamics indicate that he may share similar values of kindness and support."
28,,4761.618095,Rostóv,"Rostóv is depicted as a young and enthusiastic cadet in the hussars, known for his eagerness and bravery. He possesses a strong sense of honor and pride, which sometimes leads him into conflicts with his superiors, especially when he feels unjustly accused. His character is marked by youthful impulsiveness and a deep desire to prove himself both courageous and honorable in the eyes of his peers and commanders."
29,,6220.157459,Rostóv,"Nicholas Rostóv is a young officer in the Russian army, characterized by his impressionable and emotional nature. He experiences a wide range of feelings during battle, from excitement to fear and desperation. After being wounded and losing his horse in combat, Rostóv faces a profound personal crisis, grappling with the reality of mortality and the intense emotions that accompany it. His experiences highlight his vulnerability and the inner turmoil he endures as a soldier."
30,,7732.696824,Rostóv,"Rostóv is depicted as a brave and committed soldier deeply involved in military actions, which contrasts with his ability to maintain important personal relationships despite the harsh realities of war. His reaction to receiving a letter underscores his connection to his personal life, indicating a balance between his duty as a soldier and his emotional ties."
31,,9077.236189,Rostóv,"Rostóv is depicted as a spirited and possibly impulsive character, contrasting with Pierre's more introspective and indecisive nature. While Pierre grapples with societal expectations and personal dilemmas, Rostóv is actively engaged in military pursuits, experiencing a gamut of emotions from excitement to fear. This involvement in military dynamics highlights his adventurous and emotional personality."
32,,10614.77555,Rostóv,"Rostóv is portrayed as a vibrant and youthful character who deeply values his social connections and personal relationships. He is actively engaged in various activities and cherishes honor, friendship, and the pleasures of life. His interactions with friends and family highlight his spirited nature and his commitment to the values he holds dear."
33,,16258.93301,Rostóv,"Rostóv is depicted as a character torn between his personal desires and his duty, particularly in the context of societal and familial expectations. He seeks his father's approval for marriage, indicating a deep respect for family values and traditions. His internal conflict and the burden of his decisions are evident in his interactions, suggesting a complex character struggling to balance personal happiness with obligations."
34,,17686.47238,Rostóv,"Rostóv is portrayed as a devoted and caring father, particularly attentive to his daughters, Natásha and Sónya. He is actively involved in managing their social expectations and future arrangements, demonstrating his commitment to their happiness and well-being. His character is marked by a deep sense of responsibility and concern for his family, navigating the complexities of societal pressures while trying to ensure a secure and joyful future for his daughters."
35,,27391.24793,Rostóv,"Rostóv is portrayed as a responsible and dutiful character, deeply involved in the military and committed to his role. He is proactive in organizing and decision-making, reflecting a strong sense of duty. This contrasts with Pierre, who is depicted as wealthy, naive, and struggling with personal dilemmas and societal expectations. While Pierre grapples with a sense of disillusionment and emotional distress, Rostóv appears more focused and engaged in his responsibilities, particularly in the military context."
36,,28774.7873,Rostóv,"Rostóv is portrayed as a spirited and dedicated young officer, contrasting with Pierre's more introspective and troubled character. While Pierre grapples with societal expectations, personal dilemmas, and a sense of disillusionment, Rostóv focuses on his immediate military duties and personal adventures, showing a light-heartedness and commitment to personal honor and duty amidst the larger conflict. Both characters are deeply affected by the war, but Rostóv's approach is more straightforward and less burdened by the broader political implications."
37,,32680.40539,Rostóv,"Rostóv's character is not detailed in the provided summaries. The summaries focus on Pierre and his personal struggles, relationships, and experiences during the war, without specific information about Rostóv."
38,,34070.94476,Rostóv,"Rostóv is depicted as a committed and brave character who is deeply dedicated to his military duties. He confronts the severe challenges of war and the intricacies of military life, which test his character and determination. His loyalty to his comrades and his courage during difficult times underscore his noble traits, earning him respect and admiration from his peers."
39,3,1569.539365,Kutúzov,"Kutúzov is mentioned briefly as a figure of authority and respect in the military context. He is the commander-in-chief, and his decisions are influential in shaping the careers of young officers like Nicholas."
40,,4761.618095,Kutúzov,"Kutúzov is depicted as a seasoned and wise general with a commanding presence and authority. He is strategic in his military decisions, preferring cautious and well-thought-out plans. His interactions with his officers show a mix of sternness and occasional warmth, highlighting his complex role in managing both the morale of his troops and the tactical demands of war."
41,,6220.157459,Kutúzov,"General Kutúzov is portrayed as the commander in chief of the Russian forces, a seasoned and wise leader who sometimes appears detached or indifferent. He is capable of making calm decisions amidst chaos, demonstrating a deep understanding of warfare and command. His presence provides a stabilizing effect on his officers and men, even in dire battle circumstances."
42,,7732.696824,Kutúzov,"Kutúzov is portrayed as a high-ranking officer in a military setting, actively involved in leadership and strategic decision-making. His role involves receiving reports and making crucial decisions, indicating his significant responsibility and authority within the military camp."
43,,9077.236189,Kutúzov,"Kutúzov is depicted as a senior military leader who carries the weight and responsibilities of his position with a sense of weariness. His character is marked by the respect he commands among his peers and subordinates, yet he also faces the intricate challenges that come with military leadership. This portrayal highlights his experience and the taxing nature of his role in command."
44,,10614.77555,Kutúzov,Kutúzov is portrayed as a figure of authority and strategic importance in the military context. His role in the narrative highlights the challenges and responsibilities faced by those in command during times of conflict.
45,,27391.24793,Kutúzov,"Kutúzov is portrayed as a seasoned and authoritative military leader, deeply involved in strategic decision-making regarding troop movements during a critical period. His character embodies the heavy responsibilities and command expected of someone in his high-ranking position within the military hierarchy."
46,,28774.7873,Kutúzov,"Kutúzov is depicted as a wise and seasoned leader in the narrative. He is characterized by his deep awareness of the gravity of his decisions and his readiness to make difficult choices for the greater good of Russia, such as abandoning Moscow to preserve the Russian army. His leadership is marked by a strategic foresight and a willingness to endure personal and national sacrifices to ensure the survival and success of his country."
47,,30125.32666,Kutúzov,"Kutúzov is depicted as a strategic and experienced military leader who is cautious and wise in his decision-making. He understands the broader implications of military actions, which highlights his deep insight and expertise in leadership during wartime. His character contrasts with Pierre's personal struggles and naivety, emphasizing Kutúzov's role as a composed and knowledgeable commander."
48,,32680.40539,Kutúzov,"Kutúzov is depicted as a wise and strategic leader, deeply in tune with the will of the Russian people and the realities of war. His decisions emphasize preservation and practicality over glory, showing a clear understanding of the broader implications of military actions."
49,,34070.94476,Kutúzov,"Kutúzov is portrayed as a seasoned and wise military leader with a deep understanding of warfare and strategic acumen. He is tasked with making difficult decisions that impact many lives, navigating these challenges with pragmatism and foresight. His leadership is marked by his ability to remain calm under pressure and his insightful grasp of the complexities of human nature and conflict."
50,4,1569.539365,Sónya,"Sónya is portrayed as a gentle and tender-hearted young woman, deeply in love with Nicholas. She is sensitive and easily hurt by any signs of neglect or misunderstanding. Her character is marked by loyalty and a quiet affection that contrasts with the more vivacious personalities around her."
51,,3074.07873,Sónya,"Sónya is depicted as a sensitive and emotional character who is deeply affected by her personal relationships and surrounding circumstances. Her tender and empathetic nature is evident through her attachments and reactions to various situations, suggesting that she values her connections with others profoundly."
52,,7732.696824,Sónya,"Sónya is portrayed as an emotionally vulnerable character who is deeply connected to others, particularly evident through her reactions concerning Rostóv. She exhibits a blend of strength and sensitivity, demonstrating her capability for deep love and loyalty. Her character is marked by her emotional depth and the strong bonds she forms with those around her."
53,,10614.77555,Sónya,"Sónya is portrayed as a gentle and loving character deeply involved in the emotional lives of her family and friends. She is sensitive and caring, particularly in matters of the heart, which underscores her ability to navigate complex relationships with love and loyalty."
54,,16258.93301,Sónya,"Sónya is depicted as a character grappling with significant emotional turmoil and disappointment, likely stemming from unrequited love or personal loss. Her demeanor reflects her inner struggle with sadness and rejection, which influences her relationships and interactions with others."
55,,17686.47238,Sónya,"Sónya is depicted as a supportive and loving friend to Natásha, sharing in her emotional experiences and offering comfort when needed. She is portrayed as gentle and empathetic, always ready to help or listen to Natásha's concerns."
56,,27391.24793,Sónya,"Sónya is depicted as a nurturing and attentive figure within her family, deeply engaged in their emotional and domestic well-being. She is characterized by her supportive nature, often handling practical matters and offering aid during challenging times. Her role is crucial in maintaining the stability and care of her family's dynamics."
57,,28774.7873,Sónya,"Sónya is characterized by her supportive and caring nature, often seen providing comfort and assistance, especially to Natásha. She is marked by her loyalty and quiet strength, offering emotional support during times of distress. Her interactions highlight her role as a compassionate and steadfast presence within her social circle."
58,,32680.40539,Sónya,"Based on the provided summaries, Sónya's character is not detailed in either excerpt. Therefore, no specific information about her relations, personality traits, or appearance can be summarized from these texts."
59,,34070.94476,Sónya,"Sónya is portrayed as a selfless and supportive character, consistently prioritizing the needs and well-being of her family and friends above her own. Her loyalty and quiet strength are central traits, making her an integral and devoted figure in her relationships. Her character contrasts with Pierre's troubled and introspective nature, highlighting her role as a stabilizing and caring presence amidst the personal dilemmas faced by others around her."
